<ImportExportXml xmlns:xsi="http://www.w3.org/2001/XMLSchema-instance">
  <Entities></Entities>
  <Roles></Roles>
  <Workflows></Workflows>
  <FieldSecurityProfiles></FieldSecurityProfiles>
  <Templates />
  <EntityMaps />
  <EntityRelationships />
  <OrganizationSettings />
  <optionsets />
  <WebResources>
    <WebResource>
      <WebResourceId>{bd54ab38-847d-e011-8251-00155dba3817}</WebResourceId>
      <Name>sample_/OptionSetSampleJScript/AccountPage.htm</Name>
      <DisplayName>sample_/OptionSetSampleJScript/AccountPage.htm</DisplayName>
      <Description>An example page using the SDK.OptionSetSample.js library to create a custom user interface to create, update, delete, and retrieve Account records.</Description>
      <WebResourceType>1</WebResourceType>
      <IsCustomizable>1</IsCustomizable>
      <CanBeDeleted>1</CanBeDeleted>
      <IsHidden>0</IsHidden>
      <FileName>/WebResources/sample_OptionSetSampleJScriptAccountPagehtmBD54AB38-847D-E011-8251-00155DBA3817</FileName>
    </WebResource>
    <WebResource>
      <WebResourceId>{c054ab38-847d-e011-8251-00155dba3817}</WebResourceId>
      <Name>sample_/OptionSetSampleJScript/ContactPage.htm</Name>
      <DisplayName>sample/OptionSetSampleJScript/ContactPage.htm</DisplayName>
      <Description>An example page using the SDK.OptionSetSample.js library to create a custom user interface to create, update, delete, and retrieve Contact records.</Description>
      <WebResourceType>1</WebResourceType>
      <IsCustomizable>1</IsCustomizable>
      <CanBeDeleted>1</CanBeDeleted>
      <IsHidden>0</IsHidden>
      <FileName>/WebResources/sample_OptionSetSampleJScriptContactPagehtmC054AB38-847D-E011-8251-00155DBA3817</FileName>
    </WebResource>
    <WebResource>
      <WebResourceId>{c354ab38-847d-e011-8251-00155dba3817}</WebResourceId>
      <Name>sample_/OptionSetSampleJScript/TaskPage.htm</Name>
      <DisplayName>sample_/OptionSetSampleJScript/TaskPage.htm</DisplayName>
      <Description>An example page using the SDK.OptionSetSample.js library to create a custom user interface to create, update, delete, and retrieve Task records.</Description>
      <WebResourceType>1</WebResourceType>
      <IsCustomizable>1</IsCustomizable>
      <CanBeDeleted>1</CanBeDeleted>
      <IsHidden>0</IsHidden>
      <FileName>/WebResources/sample_OptionSetSampleJScriptTaskPagehtmC354AB38-847D-E011-8251-00155DBA3817</FileName>
    </WebResource>
    <WebResource>
      <WebResourceId>{c654ab38-847d-e011-8251-00155dba3817}</WebResourceId>
      <Name>sample_/OptionSetSampleJScript/Scripts/json2.js</Name>
      <DisplayName>sample_/OptionSetSampleJScript/Scripts/json2.js</DisplayName>
      <Description>A minified version of the json2.js file so that the sample can work with Internet Explore 7.</Description>
      <WebResourceType>3</WebResourceType>
      <IsCustomizable>1</IsCustomizable>
      <CanBeDeleted>1</CanBeDeleted>
      <IsHidden>0</IsHidden>
      <FileName>/WebResources/sample_OptionSetSampleJScriptScriptsjson2jsC654AB38-847D-E011-8251-00155DBA3817</FileName>
    </WebResource>
    <WebResource>
      <WebResourceId>{c954ab38-847d-e011-8251-00155dba3817}</WebResourceId>
      <Name>sample_/OptionSetSampleJScript/Scripts/SDK.MetaData.js</Name>
      <DisplayName>sample_/OptionSetSampleJScript/Scripts/SDK.MetaData.js</DisplayName>
      <Description>Contains functions to retrieve metadata using the SOAP endpoint for Web resources. The sample uses the RetrieveAttributeAsync  function to execute the RetrieveAttribute message.
This library also includes functions to execute the following messages but they are not used in this sample:
• RetrieveAllEntities
• RetrieveEntity
</Description>
      <WebResourceType>3</WebResourceType>
      <IsCustomizable>1</IsCustomizable>
      <CanBeDeleted>1</CanBeDeleted>
      <IsHidden>0</IsHidden>
      <FileName>/WebResources/sample_OptionSetSampleJScriptScriptsSDKMetaDatajsC954AB38-847D-E011-8251-00155DBA3817</FileName>
    </WebResource>
    <WebResource>
      <WebResourceId>{cc54ab38-847d-e011-8251-00155dba3817}</WebResourceId>
      <Name>sample_/OptionSetSampleJScript/Scripts/SDK.OptionSetSample.js</Name>
      <DisplayName>sample_/OptionSetSampleJScript/Scripts/SDK.OptionSetSample.js</DisplayName>
      <Description>This library contains the properties and methods that provide the features of the sample.</Description>
      <WebResourceType>3</WebResourceType>
      <IsCustomizable>1</IsCustomizable>
      <CanBeDeleted>1</CanBeDeleted>
      <IsHidden>0</IsHidden>
      <FileName>/WebResources/sample_OptionSetSampleJScriptScriptsSDKOptionSetSaCC54AB38-847D-E011-8251-00155DBA3817</FileName>
    </WebResource>
    <WebResource>
      <WebResourceId>{cf54ab38-847d-e011-8251-00155dba3817}</WebResourceId>
      <Name>sample_/OptionSetSampleJScript/Scripts/SDK.REST.js</Name>
      <DisplayName>sample_/OptionSetSampleJScript/Scripts/SDK.REST.js</DisplayName>
      <Description>Contains functions to support the following operations using the REST endpoint for Web Resources:
• RetrieveMultiple
• Create
• Update
• Delete
</Description>
      <WebResourceType>3</WebResourceType>
      <IsCustomizable>1</IsCustomizable>
      <CanBeDeleted>1</CanBeDeleted>
      <IsHidden>0</IsHidden>
      <FileName>/WebResources/sample_OptionSetSampleJScriptScriptsSDKRESTjsCF54AB38-847D-E011-8251-00155DBA3817</FileName>
    </WebResource>
    <WebResource>
      <WebResourceId>{d254ab38-847d-e011-8251-00155dba3817}</WebResourceId>
      <Name>sample_/OptionSetSampleJScript/Styles/OptionSetSample.css</Name>
      <DisplayName>sample_/OptionSetSampleJScript/Styles/OptionSetSample.css</DisplayName>
      <Description>A CSS Style Sheet to support this sample.</Description>
      <WebResourceType>2</WebResourceType>
      <IsCustomizable>1</IsCustomizable>
      <CanBeDeleted>1</CanBeDeleted>
      <IsHidden>0</IsHidden>
      <FileName>/WebResources/sample_OptionSetSampleJScriptStylesOptionSetSampleD254AB38-847D-E011-8251-00155DBA3817</FileName>
    </WebResource>
  </WebResources>
  <Languages>
    <Language>1033</Language>
  </Languages>
</ImportExportXml>